{
    "Chart_1": [],
    "Chart_10": [
        18.82798433303833
    ],
    "Chart_11": [
        22.25251579284668
    ],
    "Chart_12": [
        22.890456199645996
    ],
    "Chart_13": [
        37.49028396606445
    ],
    "Chart_14": [
        48.52920985221863
    ],
    "Chart_15": [
        28.841712713241577
    ],
    "Chart_16": [
        41.10430979728699
    ],
    "Chart_17": [
        18.603607416152954
    ],
    "Chart_18": [
        27.657251358032227
    ],
    "Chart_19": [
        29.095569849014282
    ],
    "Chart_2": [
        24.21958565711975
    ],
    "Chart_20": [
        22.16225004196167
    ],
    "Chart_21": [
        26.385353565216064
    ],
    "Chart_22": [
        39.96026158332825
    ],
    "Chart_23": [
        29.263463258743286
    ],
    "Chart_24": [
        31.18070340156555
    ],
    "Chart_25": [
        51.62456250190735
    ],
    "Chart_26": [
        28.755776405334473
    ],
    "Chart_3": [
        27.83145570755005
    ],
    "Chart_4": [
        49.83531475067139
    ],
    "Chart_5": [
        32.30354952812195
    ],
    "Chart_6": [
        23.29645013809204
    ],
    "Chart_7": [
        36.2010223865509
    ],
    "Chart_8": [
        18.832706689834595
    ],
    "Chart_9": [
        38.680394411087036
    ]
}