{
    "Chart_1": [],
    "Chart_10": [
        46.980215311050415
    ],
    "Chart_11": [
        48.4919228553772
    ],
    "Chart_12": [
        27.199867725372314
    ],
    "Chart_13": [
        1272.4521667957306
    ],
    "Chart_14": [
        63.56549310684204
    ],
    "Chart_15": [
        297.72401762008667
    ],
    "Chart_16": [
        78.03392171859741
    ],
    "Chart_17": [
        51.06002736091614
    ],
    "Chart_18": [
        27.71523404121399
    ],
    "Chart_19": [
        68.10847544670105
    ],
    "Chart_2": [
        32.23721694946289
    ],
    "Chart_20": [
        87.5602593421936
    ],
    "Chart_21": [
        36.11936593055725
    ],
    "Chart_22": [
        26.486868381500244
    ],
    "Chart_23": [
        24.55103898048401
    ],
    "Chart_24": [
        80.56286835670471
    ],
    "Chart_25": [
        42.33715748786926
    ],
    "Chart_26": [
        48.81302547454834
    ],
    "Chart_3": [
        1349.9953501224518
    ],
    "Chart_4": [
        57.26082158088684
    ],
    "Chart_5": [
        112.22611951828003
    ],
    "Chart_6": [
        35.46677041053772
    ],
    "Chart_7": [
        156.68234133720398
    ],
    "Chart_8": [
        259.98605394363403
    ],
    "Chart_9": [
        22.796554803848267
    ],
    "Closure_1": [
        29.690284252166748
    ],
    "Closure_10": [
        51.91653776168823
    ],
    "Closure_100": [
        120.00609707832336
    ],
    "Closure_101": [
        174.52535796165466
    ],
    "Closure_102": [
        17.955342292785645
    ],
    "Closure_103": [
        63.40622568130493
    ],
    "Closure_104": [
        109.88375425338745
    ],
    "Closure_105": [
        29.00423502922058
    ],
    "Closure_106": [
        62.698450326919556
    ],
    "Closure_107": [
        50.351972818374634
    ],
    "Closure_108": [
        33.68693923950195
    ],
    "Closure_109": [
        92.91725206375122
    ],
    "Closure_11": [
        1311.141262292862
    ],
    "Closure_110": [
        23.273789405822754
    ],
    "Closure_111": [
        101.0993721485138
    ],
    "Closure_112": [
        83.16035008430481
    ],
    "Closure_113": [
        69.48462677001953
    ],
    "Closure_114": [
        192.800927400589
    ],
    "Closure_115": [
        22.030665636062622
    ],
    "Closure_116": [
        84.28259611129761
    ],
    "Closure_117": [
        32.09989905357361
    ],
    "Closure_118": [
        79.19099283218384
    ],
    "Closure_119": [
        47.53518462181091
    ],
    "Closure_12": [
        78.68345856666565
    ],
    "Closure_120": [
        85.3410210609436
    ],
    "Closure_121": [
        144.14599585533142
    ],
    "Closure_122": [
        24.780380964279175
    ],
    "Closure_123": [
        24.200618267059326
    ],
    "Closure_124": [
        98.827951669693
    ],
    "Closure_125": [
        53.6551148891449
    ],
    "Closure_126": [
        20.9605450630188
    ],
    "Closure_127": [
        85.97097826004028
    ],
    "Closure_128": [
        30.094264268875122
    ],
    "Closure_129": [
        61.56820058822632
    ],
    "Closure_13": [
        123.59117674827576
    ],
    "Closure_130": [
        123.58291506767273
    ],
    "Closure_131": [
        56.61452054977417
    ],
    "Closure_132": [
        43.43425512313843
    ],
    "Closure_133": [
        37.22216773033142
    ],
    "Closure_14": [
        22.89861512184143
    ],
    "Closure_15": [
        47.48141026496887
    ],
    "Closure_16": [
        34.25933122634888
    ],
    "Closure_17": [
        84.87641024589539
    ],
    "Closure_18": [
        108.07642436027527
    ],
    "Closure_19": [
        80.16433429718018
    ],
    "Closure_2": [
        30.047499179840088
    ],
    "Closure_20": [
        108.04073596000671
    ],
    "Closure_21": [
        65.70688796043396
    ],
    "Closure_22": [
        38.201645374298096
    ],
    "Closure_23": [
        111.99439716339111
    ],
    "Closure_24": [
        90.58518671989441
    ],
    "Closure_25": [
        29.05851173400879
    ],
    "Closure_26": [
        47.93940782546997
    ],
    "Closure_27": [
        61.861204862594604
    ],
    "Closure_28": [
        26.697768211364746
    ],
    "Closure_29": [
        41.9175968170166
    ],
    "Closure_3": [
        41.1249680519104
    ],
    "Closure_30": [
        48.06656527519226
    ],
    "Closure_31": [
        56.40936899185181
    ],
    "Closure_32": [
        113.27273678779602
    ],
    "Closure_33": [
        105.47884368896484
    ],
    "Closure_34": [
        34.71368145942688
    ],
    "Closure_35": [
        208.79197430610657
    ],
    "Closure_36": [
        136.95485615730286
    ],
    "Closure_37": [
        228.23292803764343
    ],
    "Closure_38": [
        33.950345039367676
    ],
    "Closure_39": [
        27.243659496307373
    ],
    "Closure_4": [
        29.417848587036133
    ],
    "Closure_40": [
        23.374491930007935
    ],
    "Closure_41": [
        31.620022535324097
    ],
    "Closure_42": [
        26.08073854446411
    ],
    "Closure_43": [
        36.31447076797485
    ],
    "Closure_44": [
        168.70574760437012
    ],
    "Closure_45": [
        66.93334794044495
    ],
    "Closure_46": [
        111.66730666160583
    ],
    "Closure_47": [
        53.416088819503784
    ],
    "Closure_48": [
        40.68853306770325
    ],
    "Closure_49": [
        24.978965759277344
    ],
    "Closure_5": [
        253.61227464675903
    ],
    "Closure_50": [
        1310.4162425994873
    ],
    "Closure_51": [
        93.74714994430542
    ],
    "Closure_52": [
        161.3208692073822
    ],
    "Closure_53": [
        110.054847240448
    ],
    "Closure_54": [
        103.71134901046753
    ],
    "Closure_55": [
        68.54199481010437
    ],
    "Closure_56": [
        1439.1852350234985
    ],
    "Closure_57": [
        22.64625644683838
    ],
    "Closure_58": [
        1293.604496717453
    ],
    "Closure_59": [
        538.5467281341553
    ],
    "Closure_6": [
        83.5168354511261
    ],
    "Closure_60": [
        35.74534511566162
    ],
    "Closure_61": [
        24.754773139953613
    ],
    "Closure_62": [
        71.64276480674744
    ],
    "Closure_64": [
        58.89486002922058
    ],
    "Closure_65": [
        62.22884821891785
    ],
    "Closure_66": [
        69.41090750694275
    ],
    "Closure_67": [
        30.039110898971558
    ],
    "Closure_68": [
        60.25320506095886
    ],
    "Closure_69": [
        157.4189064502716
    ],
    "Closure_7": [
        84.70328044891357
    ],
    "Closure_70": [
        145.49424290657043
    ],
    "Closure_71": [
        19.2220675945282
    ],
    "Closure_72": [
        25.35783576965332
    ],
    "Closure_73": [
        40.933645725250244
    ],
    "Closure_74": [
        46.35288214683533
    ],
    "Closure_75": [
        28.689972400665283
    ],
    "Closure_76": [
        75.69684982299805
    ],
    "Closure_77": [
        58.41158962249756
    ],
    "Closure_78": [
        211.09294819831848
    ],
    "Closure_79": [
        30.699107885360718
    ],
    "Closure_8": [
        61.33894944190979
    ],
    "Closure_80": [
        205.67045164108276
    ],
    "Closure_81": [
        1296.6820578575134
    ],
    "Closure_82": [
        131.40750122070312
    ],
    "Closure_83": [
        1293.880253314972
    ],
    "Closure_84": [
        91.54730153083801
    ],
    "Closure_85": [
        30.162030696868896
    ],
    "Closure_86": [
        128.20373630523682
    ],
    "Closure_87": [
        24.533558130264282
    ],
    "Closure_88": [
        1290.1020848751068
    ],
    "Closure_89": [
        28.336365461349487
    ],
    "Closure_9": [
        26.16878890991211
    ],
    "Closure_90": [
        1300.212244272232
    ],
    "Closure_91": [
        42.64907908439636
    ],
    "Closure_92": [
        1014.5776908397675
    ],