{
    "best": [
        1.2378086029151116,
        0.001,
        0.15671700616568168
    ],
    "accs": [
        132.0
    ],
    "log": "Particles: 8\tGenerations: 25\ngen\tevals\tavg    \tstd     \tmin   \tmax   \n0  \t8    \t142.516\t2.88216 \t137.26\t147.13\n1  \t8    \t142.976\t3.27942 \t134.49\t145.21\n2  \t8    \t142.365\t4.4056  \t134.71\t146.32\n3  \t8    \t141.736\t4.10319 \t134.71\t146.02\n4  \t8    \t140.407\t3.34873 \t134.7 \t145.12\n5  \t8    \t134.574\t2.16456 \t132   \t139.59\n6  \t8    \t133.287\t0.786189\t132.34\t134.3 \n7  \t8    \t133.095\t0.507568\t132.24\t133.81\n8  \t8    \t133.156\t0.593189\t132.24\t133.81\n9  \t8    \t133.452\t0.578873\t132.24\t134.12\n10 \t8    \t133.435\t0.568045\t132.71\t134.12\n11 \t8    \t133.281\t0.615598\t132.81\t134.71\n12 \t8    \t133.085\t0.44173 \t132.55\t133.81\n13 \t8    \t133.744\t0.772333\t133   \t135.59\n14 \t8    \t133.654\t1.11555 \t132   \t135.28\n15 \t8    \t133.368\t0.592215\t132.55\t134.28\n16 \t8    \t132.746\t0.518795\t132   \t133.81\n17 \t8    \t132.789\t0.284273\t132.34\t133.11\n18 \t8    \t133.114\t0.481065\t132.24\t133.82\n19 \t8    \t133.562\t0.391208\t133   \t134.12\n20 \t8    \t132.97 \t0.603821\t132   \t133.81\n21 \t8    \t132.855\t0.345036\t132   \t133.12\n22 \t8    \t132.951\t0.196369\t132.55\t133.12\n23 \t8    \t133.511\t0.853807\t132.56\t135.28\n24 \t8    \t133.15 \t0.468161\t132.55\t134.3 "
}