{
    "best": [
        0.547874322110116,
        0.001,
        0.1192272991786022
    ],
    "accs": [
        130,
        180,
        206
    ],
    "log": "Particles: 8\tGenerations: 25\ngen\tevals\tavg    \tstd     \tmin  \tmax  \n0  \t8    \t19058  \t22.8473 \t19031\t19102\n1  \t8    \t19036.5\t11.5326 \t19021\t19051\n2  \t8    \t19032.4\t8.95736 \t19024\t19051\n3  \t8    \t19029  \t9.38083 \t19022\t19052\n4  \t8    \t19026.9\t5.01093 \t19023\t19039\n5  \t8    \t19024.4\t2.17586 \t19021\t19029\n6  \t8    \t19023.9\t1.26861 \t19023\t19027\n7  \t8    \t19025.8\t6.59071 \t19021\t19043\n8  \t8    \t19026.4\t6.28366 \t19024\t19043\n9  \t8    \t19023.9\t0.330719\t19023\t19024\n10 \t8    \t19023.5\t0.5     \t19023\t19024\n11 \t8    \t19023.6\t0.484123\t19023\t19024\n12 \t8    \t19023.5\t1       \t19021\t19024\n13 \t8    \t19022.6\t1.21835 \t19021\t19024\n14 \t8    \t19022.8\t1.71391 \t19020\t19024\n15 \t8    \t19024.1\t1.26861 \t19022\t19027\n16 \t8    \t19024.2\t1.08972 \t19023\t19027\n17 \t8    \t19024.2\t3.30719 \t19021\t19032\n18 \t8    \t19027.4\t6.83625 \t19022\t19041\n19 \t8    \t19024.5\t2.17945 \t19021\t19029\n20 \t8    \t19024  \t2.44949 \t19022\t19029\n21 \t8    \t19023.9\t2.14695 \t19021\t19029\n22 \t8    \t19022.6\t2.73576 \t19020\t19029\n23 \t8    \t19023.1\t0.927025\t19022\t19025\n24 \t8    \t19021.5\t1.22474 \t19020\t19024"
}