{
    "best": [
        0.5141061680728598,
        0.951868298630327,
        0.25825549845852036,
        0.3754384417624667
    ],
    "accs": [
        128,
        179,
        199
    ],
    "log": "Particles: 8\tGenerations: 25\ngen\tevals\tavg    \tstd    \tmin  \tmax  \n0  \t8    \t17720.2\t35.0205\t17649\t17748\n1  \t8    \t17705.8\t45.4058\t17640\t17766\n2  \t8    \t17685.8\t27.0451\t17645\t17738\n3  \t8    \t17666.9\t16.0424\t17645\t17695\n4  \t8    \t17657  \t8.95824\t17645\t17677\n5  \t8    \t17653.8\t8.2727 \t17645\t17672\n6  \t8    \t17655.8\t7.47914\t17648\t17673\n7  \t8    \t17661.2\t12.2142\t17646\t17689\n8  \t8    \t17669.6\t18.5939\t17647\t17702\n9  \t8    \t17667.1\t24.8266\t17644\t17725\n10 \t8    \t17660.6\t25.7776\t17638\t17726\n11 \t8    \t17662.9\t19.1992\t17643\t17700\n12 \t8    \t17667.5\t27.3633\t17645\t17726\n13 \t8    \t17672.6\t28.0711\t17648\t17740\n14 \t8    \t17665  \t17.8746\t17640\t17695\n15 \t8    \t17650.8\t7.87004\t17637\t17660\n16 \t8    \t17654.4\t8.01464\t17648\t17670\n17 \t8    \t17662.1\t19.7828\t17639\t17700\n18 \t8    \t17658.1\t19.656 \t17641\t17698\n19 \t8    \t17652.2\t10.0964\t17642\t17675\n20 \t8    \t17654.4\t19.6146\t17641\t17705\n21 \t8    \t17656.9\t14.8023\t17645\t17695\n22 \t8    \t17655.9\t12.0979\t17642\t17680\n23 \t8    \t17654.5\t19.3261\t17639\t17699\n24 \t8    \t17663  \t23.9113\t17642\t17706"
}