{
    "best": [
        0.5608133630554947,
        0.29062950188334413,
        0.45190515775503526
    ],
    "accs": [
        125,
        173,
        197
    ],
    "log": "Particles: 8\tGenerations: 25\ngen\tevals\tavg    \tstd    \tmin  \tmax  \n0  \t8    \t19967.8\t10.7442\t19955\t19992\n1  \t8    \t19972.8\t13.6451\t19960\t20007\n2  \t8    \t19980.9\t13.8694\t19962\t20003\n3  \t8    \t19984.6\t12.5493\t19963\t20002\n4  \t8    \t19986.4\t17.1241\t19961\t20007\n5  \t8    \t19980.8\t21.1291\t19955\t20012\n6  \t8    \t19984.2\t19.5496\t19958\t20016\n7  \t8    \t19992.5\t15.8981\t19965\t20022\n8  \t8    \t19989.9\t10.4455\t19970\t20004\n9  \t8    \t19978.6\t15.0494\t19961\t20006\n10 \t8    \t19973.6\t14.3085\t19961\t20004\n11 \t8    \t19970.6\t12.1854\t19960\t19991\n12 \t8    \t19983.9\t13.6879\t19966\t20011\n13 \t8    \t19988.9\t16.4654\t19960\t20013\n14 \t8    \t19982.9\t14.4347\t19966\t20007\n15 \t8    \t19985.6\t19.1829\t19959\t20013\n16 \t8    \t19982.2\t16.4602\t19960\t20007\n17 \t8    \t19984.1\t11.8895\t19964\t20002\n18 \t8    \t19979.9\t13.4577\t19961\t19999\n19 \t8    \t19979.5\t13.5923\t19959\t19999\n20 \t8    \t19972.8\t12.872 \t19958\t19997\n21 \t8    \t19972.9\t15.6958\t19959\t20007\n22 \t8    \t19974.1\t15.0784\t19964\t20012\n23 \t8    \t19985.8\t15.6105\t19965\t20013\n24 \t8    \t19988.5\t17.3133\t19960\t20013"
}