{
    "best": [
        0.6848793408382983,
        0.5431971472446961,
        0.49622665593717596
    ],
    "accs": [
        129,
        175,
        195
    ],
    "log": "Particles: 8\tGenerations: 25\ngen\tevals\tavg    \tstd    \tmin  \tmax  \n0  \t8    \t19353.4\t10.9651\t19343\t19373\n1  \t8    \t19370.4\t17.5067\t19343\t19395\n2  \t8    \t19370.8\t18.4442\t19344\t19394\n3  \t8    \t19369.4\t13.3317\t19347\t19391\n4  \t8    \t19357.4\t12.072 \t19341\t19377\n5  \t8    \t19350.2\t4.84123\t19342\t19357\n6  \t8    \t19354.1\t10.7638\t19337\t19371\n7  \t8    \t19352.5\t8.20061\t19339\t19364\n8  \t8    \t19347.8\t4.46514\t19339\t19356\n9  \t8    \t19348  \t3.04138\t19343\t19354\n10 \t8    \t19353.9\t9.62338\t19347\t19371\n11 \t8    \t19355.4\t10.4276\t19343\t19374\n12 \t8    \t19358.6\t10.9309\t19345\t19374\n13 \t8    \t19352.1\t8.38805\t19343\t19371\n14 \t8    \t19350.9\t9.27951\t19344\t19375\n15 \t8    \t19349.6\t10.1235\t19339\t19374\n16 \t8    \t19355  \t15.9138\t19334\t19390\n17 \t8    \t19351.1\t8.038  \t19344\t19364\n18 \t8    \t19348  \t9.70824\t19338\t19369\n19 \t8    \t19351.5\t15.4677\t19338\t19385\n20 \t8    \t19352  \t14.8408\t19337\t19385\n21 \t8    \t19351.2\t18.0745\t19336\t19389\n22 \t8    \t19357  \t13.8022\t19340\t19380\n23 \t8    \t19348.5\t7.53326\t19338\t19359\n24 \t8    \t19348.8\t10.6272\t19341\t19374"
}