{
    "best": [
        0.04370790692073559,
        0.1948674023253882,
        0.001,
        0.001
    ],
    "accs": [
        126,
        179,
        199
    ],
    "log": "Particles: 8\tGenerations: 25\ngen\tevals\tavg    \tstd    \tmin  \tmax  \n0  \t8    \t18298.8\t34.0652\t18248\t18360\n1  \t8    \t18308.1\t52.181 \t18249\t18416\n2  \t8    \t18307.9\t54.5629\t18248\t18432\n3  \t8    \t18299  \t32.7643\t18250\t18357\n4  \t8    \t18266.6\t28.6223\t18242\t18319\n5  \t8    \t18260.9\t19.2966\t18244\t18304\n6  \t8    \t18256.6\t16.4768\t18245\t18296\n7  \t8    \t18256.4\t15.1487\t18244\t18282\n8  \t8    \t18257.2\t14.6009\t18243\t18282\n9  \t8    \t18258.8\t14.3766\t18242\t18282\n10 \t8    \t18267.1\t14.8445\t18247\t18282\n11 \t8    \t18265.9\t14.8277\t18243\t18282\n12 \t8    \t18267.9\t13.6879\t18252\t18282\n13 \t8    \t18274.2\t12.8623\t18251\t18282\n14 \t8    \t18266.9\t13.1   \t18247\t18282\n15 \t8    \t18256.5\t15.4677\t18242\t18282\n16 \t8    \t18254.9\t18.9304\t18242\t18296\n17 \t8    \t18262.8\t21.655 \t18243\t18309\n18 \t8    \t18255.8\t16.1613\t18242\t18281\n19 \t8    \t18254.5\t13.351 \t18243\t18282\n20 \t8    \t18258.2\t14.5581\t18243\t18282\n21 \t8    \t18262.8\t16.6864\t18243\t18282\n22 \t8    \t18263.9\t16.9222\t18243\t18282\n23 \t8    \t18270.8\t18.226 \t18242\t18307\n24 \t8    \t18266.8\t21.0698\t18241\t18309"
}