{
    "best": [
        1.1312941380417212,
        0.854539261191096,
        0.001
    ],
    "accs": [
        128,
        178,
        199
    ],
    "log": "Particles: 8\tGenerations: 25\ngen\tevals\tavg    \tstd    \tmin  \tmax  \n0  \t8    \t18744.9\t6.88181\t18735\t18756\n1  \t8    \t18742.6\t9.96165\t18730\t18759\n2  \t8    \t18740.2\t16.1226\t18728\t18778\n3  \t8    \t18743  \t8.73212\t18729\t18758\n4  \t8    \t18742.8\t6.60965\t18733\t18752\n5  \t8    \t18738.4\t7.68013\t18728\t18749\n6  \t8    \t18739.5\t9.96243\t18727\t18756\n7  \t8    \t18742.5\t10.0995\t18729\t18756\n8  \t8    \t18742.9\t7.0788 \t18732\t18755\n9  \t8    \t18739.6\t9.53857\t18727\t18754\n10 \t8    \t18733.4\t9.19154\t18726\t18755\n11 \t8    \t18734.2\t8.33292\t18727\t18754\n12 \t8    \t18737.5\t4.47214\t18729\t18743\n13 \t8    \t18739.6\t9.57781\t18726\t18754\n14 \t8    \t18741.2\t8.25757\t18727\t18757\n15 \t8    \t18740.6\t9.72031\t18727\t18756\n16 \t8    \t18741.9\t11.1517\t18726\t18756\n17 \t8    \t18739.2\t14.5237\t18727\t18769\n18 \t8    \t18744  \t10.3078\t18727\t18754\n19 \t8    \t18741.9\t10.9252\t18728\t18756\n20 \t8    \t18738.4\t7.44878\t18729\t18754\n21 \t8    \t18735.5\t8.73212\t18726\t18754\n22 \t8    \t18737.2\t9.60143\t18726\t18751\n23 \t8    \t18739.2\t8.3479 \t18728\t18756\n24 \t8    \t18743.5\t12.083 \t18726\t18769"
}