{
    "best": [
        0.5822208470268848,
        1.263196124426981,
        0.4325840969272661,
        1.1351840746688877
    ],
    "accs": [
        131,
        181,
        205
    ],
    "log": "Particles: 8\tGenerations: 25\ngen\tevals\tavg    \tstd    \tmin  \tmax  \n0  \t8    \t18079.8\t15.5141\t18062\t18101\n1  \t8    \t18072.5\t20.0811\t18048\t18106\n2  \t8    \t18072.5\t23.4681\t18051\t18126\n3  \t8    \t18072.2\t17.1737\t18047\t18109\n4  \t8    \t18068.5\t9.56556\t18057\t18086\n5  \t8    \t18063.1\t9.14382\t18047\t18075\n6  \t8    \t18062.1\t7.47391\t18050\t18075\n7  \t8    \t18062  \t7.6974 \t18047\t18071\n8  \t8    \t18068.8\t7.49583\t18057\t18078\n9  \t8    \t18075.4\t14.6538\t18047\t18094\n10 \t8    \t18074.6\t25.2385\t18045\t18133\n11 \t8    \t18072  \t23.8537\t18047\t18126\n12 \t8    \t18063.9\t20.4599\t18043\t18098\n13 \t8    \t18066.1\t15.9251\t18045\t18097\n14 \t8    \t18065.6\t12.0927\t18049\t18092\n15 \t8    \t18060.6\t10.3675\t18049\t18077\n16 \t8    \t18058.4\t9.56475\t18047\t18071\n17 \t8    \t18058.9\t11.2298\t18047\t18076\n18 \t8    \t18064.9\t9.43978\t18049\t18076\n19 \t8    \t18074.5\t9.5    \t18057\t18090\n20 \t8    \t18072.2\t15.8568\t18051\t18094\n21 \t8    \t18063.1\t12.7126\t18047\t18089\n22 \t8    \t18064.1\t14.8613\t18044\t18093\n23 \t8    \t18065.2\t11.388 \t18048\t18080\n24 \t8    \t18061.9\t8.4178 \t18049\t18075"
}