{
    "num_folds": 10,
    "fold_ 1": {
        "best": [
            1.719202745655199,
            1.8214683929835456,
            2.185510044981751,
            1.2139361780697646
        ],
        "accs": [
            14,
            18,
            19
        ],
        "fold_size": 36,
        "time_taken": 368.01836109161377,
        "log": "Population: 20\tGenerations: 25\tCrossover Prob: 0.9\tDifferential Weight: 0.8\ngen\tevals\tavg    \tstd    \tmin  \tmax  \n0  \t20   \t16059.6\t9.4414 \t16048\t16086\n1  \t20   \t16056.9\t6.56715\t16048\t16070\n2  \t20   \t16055.8\t5.94033\t16048\t16070\n3  \t20   \t16052.6\t2.81558\t16048\t16060\n4  \t20   \t16052.4\t2.93939\t16048\t16060\n5  \t20   \t16051  \t1.98683\t16048\t16055\n6  \t20   \t16050.4\t1.82757\t16047\t16054\n7  \t20   \t16049.6\t1.58981\t16046\t16053\n8  \t20   \t16049.2\t1.25996\t16046\t16051\n9  \t20   \t16049.1\t1.17898\t16046\t16051\n10 \t20   \t16049  \t1.26491\t16046\t16051\n11 \t20   \t16048.8\t1.37386\t16046\t16051\n12 \t20   \t16048.7\t1.34536\t16046\t16051\n13 \t20   \t16048.7\t1.34536\t16046\t16051\n14 \t20   \t16048.5\t1.36015\t16046\t16051\n15 \t20   \t16048.4\t1.19478\t16046\t16050\n16 \t20   \t16048.1\t1.4586 \t16044\t16050\n17 \t20   \t16048  \t1.46544\t16044\t16050\n18 \t20   \t16047.9\t1.51327\t16044\t16050\n19 \t20   \t16047.8\t1.43527\t16044\t16050\n20 \t20   \t16047.8\t1.40979\t16044\t16050\n21 \t20   \t16047.6\t1.4239 \t16044\t16050\n22 \t20   \t16047.5\t1.32193\t16044\t16050\n23 \t20   \t16047.5\t1.28452\t16044\t16050\n24 \t20   \t16047.5\t1.28452\t16044\t16050"
    },
    "fold_ 2": {
        "best": [
            0.004507375147408489,
            9.481419830077193,
            3.098840828249343,
            0.001
        ],
        "accs": [
            15,
            22,
            23
        ],
        "fold_size": 36,
        "time_taken": 388.13995480537415,
        "log": "Population: 20\tGenerations: 25\tCrossover Prob: 0.9\tDifferential Weight: 0.8\ngen\tevals\tavg    \tstd     \tmin  \tmax  \n0  \t20   \t15321  \t6.64436 \t15308\t15334\n1  \t20   \t15316.6\t5.36097 \t15306\t15329\n2  \t20   \t15314.1\t5.03264 \t15305\t15323\n3  \t20   \t15313  \t4.98473 \t15305\t15323\n4  \t20   \t15311.9\t4.56372 \t15305\t15321\n5  \t20   \t15311  \t4.14729 \t15305\t15321\n6  \t20   \t15310.6\t3.747   \t15305\t15321\n7  \t20   \t15309.6\t2.65094 \t15305\t15315\n8  \t20   \t15308.6\t2.83328 \t15304\t15315\n9  \t20   \t15307.2\t2.87402 \t15302\t15315\n10 \t20   \t15306.3\t2.43105 \t15302\t15314\n11 \t20   \t15305.3\t1.79165 \t15302\t15308\n12 \t20   \t15304.8\t1.97167 \t15302\t15308\n13 \t20   \t15303.9\t1.49248 \t15302\t15307\n14 \t20   \t15303.3\t1.22882 \t15302\t15307\n15 \t20   \t15302.9\t0.768115\t15302\t15304\n16 \t20   \t15302.9\t0.792149\t15302\t15304\n17 \t20   \t15302.8\t0.812404\t15302\t15304\n18 \t20   \t15302.6\t0.792149\t15302\t15304\n19 \t20   \t15302.6\t0.734847\t15302\t15304\n20 \t20   \t15302.4\t0.663325\t15302\t15304\n21 \t20   \t15302.4\t0.663325\t15302\t15304\n22 \t20   \t15302.1\t0.3     \t15302\t15303\n23 \t20   \t15302  \t0.217945\t15302\t15303\n24 \t20   \t15302  \t0.217945\t15302\t15303"
    },
    "fold_ 3": {
        "best": [
            0.12408176074835708,
            0.5951594330375676,
            1.1985384855558103,
            0.001
        ],
        "accs": [
            10,
            14,
            19
        ],
        "fold_size": 36,
        "time_taken": 384.3607428073883,
        "log": "Population: 20\tGenerations: 25\tCrossover Prob: 0.9\tDifferential Weight: 0.8\ngen\tevals\tavg    \tstd    \tmin  \tmax  \n0  \t20   \t15953.5\t10.2395\t15939\t15976\n1  \t20   \t15950.8\t9.93416\t15935\t15971\n2  \t20   \t15945.5\t6.71193\t15935\t15964\n3  \t20   \t15943.5\t4.30668\t15935\t15954\n4  \t20   \t15941.9\t3.21364\t15935\t15949\n5  \t20   \t15941.5\t2.95762\t15935\t15949\n6  \t20   \t15940.9\t2.98161\t15935\t15947\n7  \t20   \t15940.1\t2.85088\t15935\t15947\n8  \t20   \t15939.7\t2.36854\t15935\t15945\n9  \t20   \t15939.6\t2.35106\t15935\t15945\n10 \t20   \t15939.5\t2.33399\t15935\t15945\n11 \t20   \t15939.5\t2.33452\t15935\t15945\n12 \t20   \t15939.2\t2.54165\t15935\t15945\n13 \t20   \t15939.1\t2.50799\t15935\t15945\n14 \t20   \t15938.8\t2.11837\t15935\t15942\n15 \t20   \t15938.6\t2.0347 \t15935\t15942\n16 \t20   \t15938.3\t2.02731\t15935\t15942\n17 \t20   \t15938.1\t1.89473\t15935\t15942\n18 \t20   \t15937.8\t1.93907\t15934\t15942\n19 \t20   \t15937.5\t1.71756\t15934\t15941\n20 \t20   \t15937.5\t1.71756\t15934\t15941\n21 \t20   \t15937.5\t1.71756\t15934\t15941\n22 \t20   \t15937.4\t1.68523\t15934\t15941\n23 \t20   \t15937.4\t1.68523\t15934\t15941\n24 \t20   \t15937.4\t1.68152\t15934\t15941"
    },
    "fold_ 4": {
        "best": [
            0.26083951892270396,
            1.6080364241230507,
            1.5865135791969442,
            0.001
        ],
        "accs": [
            10,
            15,
            18
        ],
        "fold_size": 35,
        "time_taken": 394.1174919605255,
        "log": "Population: 20\tGenerations: 25\tCrossover Prob: 0.9\tDifferential Weight: 0.8\ngen\tevals\tavg    \tstd     \tmin  \tmax  \n0  \t20   \t16281.9\t13.4011 \t16267\t16313\n1  \t20   \t16275.5\t7.47312 \t16265\t16301\n2  \t20   \t16272.9\t5.02892 \t16265\t16284\n3  \t20   \t16271.2\t3.84187 \t16265\t16281\n4  \t20   \t16270.2\t3.9064  \t16263\t16281\n5  \t20   \t16270  \t3.89198 \t16263\t16281\n6  \t20   \t16268.6\t2.85088 \t16263\t16275\n7  \t20   \t16267.9\t2.7     \t16263\t16275\n8  \t20   \t16267.8\t2.65707 \t16263\t16275\n9  \t20   \t16267.7\t2.6096  \t16263\t16275\n10 \t20   \t16266.7\t1.84662 \t16263\t16269\n11 \t20   \t16266.5\t1.80208 \t16263\t16269\n12 \t20   \t16266.3\t1.76352 \t16263\t16269\n13 \t20   \t16266  \t1.65756 \t16263\t16269\n14 \t20   \t16265.6\t1.4586  \t16263\t16268\n15 \t20   \t16265.5\t1.35923 \t16263\t16268\n16 \t20   \t16265.2\t1.249   \t16263\t16268\n17 \t20   \t16264.8\t0.979796\t16263\t16267\n18 \t20   \t16264.5\t1.11803 \t16262\t16266\n19 \t20   \t16264.2\t0.942072\t16262\t16266\n20 \t20   \t16264.1\t0.852936\t16262\t16265\n21 \t20   \t16264  \t0.804674\t16262\t16265\n22 \t20   \t16264  \t0.739932\t16262\t16265\n23 \t20   \t16263.9\t0.768115\t16262\t16265\n24 \t20   \t16263.9\t0.792149\t16262\t16265"
    },
    "fold_ 5": {
        "best": [
            0.9478408724477363,
            4.458558055511529,
            2.94166755285191,
            0.013604514052222303
        ],
        "accs": [
            11,
            15,
            17
        ],
        "fold_size": 35,
        "time_taken": 387.7976438999176,
        "log": "Population: 20\tGenerations: 25\tCrossover Prob: 0.9\tDifferential Weight: 0.8\ngen\tevals\tavg    \tstd    \tmin  \tmax  \n0  \t20   \t14737.8\t12.4603\t14721\t14769\n1  \t20   \t14732.4\t7.35119\t14721\t14751\n2  \t20   \t14726.4\t4.70399\t14719\t14735\n3  \t20   \t14724.8\t4.03237\t14719\t14735\n4  \t20   \t14723.5\t2.81913\t14719\t14731\n5  \t20   \t14722.7\t2.57099\t14719\t14731\n6  \t20   \t14722.2\t2.89612\t14717\t14731\n7  \t20   \t14721.4\t2.08026\t14717\t14726\n8  \t20   \t14720.8\t1.66958\t14717\t14724\n9  \t20   \t14720.4\t1.73997\t14717\t14724\n10 \t20   \t14720  \t1.49917\t14717\t14722\n11 \t20   \t14719.7\t1.64621\t14716\t14722\n12 \t20   \t14719  \t1.61245\t14716\t14722\n13 \t20   \t14718.8\t1.63095\t14716\t14722\n14 \t20   \t14718.7\t1.55242\t14716\t14722\n15 \t20   \t14718.4\t1.46287\t14716\t14722\n16 \t20   \t14718.2\t1.56844\t14716\t14722\n17 \t20   \t14718  \t1.49917\t14716\t14722\n18 \t20   \t14717.4\t1.06771\t14716\t14719\n19 \t20   \t14717.4\t1.06771\t14716\t14719\n20 \t20   \t14717.3\t1.1    \t14716\t14719\n21 \t20   \t14717.1\t1.06184\t14716\t14719\n22 \t20   \t14717  \t1      \t14716\t14719\n23 \t20   \t14716.8\t0.87178\t14716\t14719\n24 \t20   \t14716.7\t0.9    \t14716\t14719"
    },