{
    "best": [
        0.3431555866550183,
        0.001,
        0.9682387872164968
    ],
    "accs": [
        125,
        175,
        196
    ],
    "log": "Particles: 8\tGenerations: 25\ngen\tevals\tavg    \tstd    \tmin  \tmax  \n0  \t8    \t19326.2\t22.3201\t19299\t19352\n1  \t8    \t19323.2\t25.4595\t19297\t19384\n2  \t8    \t19308.9\t6.2936 \t19299\t19317\n3  \t8    \t19306.4\t3.80583\t19301\t19311\n4  \t8    \t19303.6\t1.57619\t19301\t19305\n5  \t8    \t19301.9\t1.89984\t19299\t19306\n6  \t8    \t19299.9\t2.8477 \t19297\t19305\n7  \t8    \t19300.6\t2.11763\t19297\t19304\n8  \t8    \t19302  \t5.54527\t19296\t19312\n9  \t8    \t19310.1\t7.81725\t19296\t19321\n10 \t8    \t19310.2\t8.68548\t19296\t19321\n11 \t8    \t19310.6\t9.83536\t19296\t19321\n12 \t8    \t19309.8\t6.49519\t19298\t19321\n13 \t8    \t19307.9\t4.31386\t19302\t19313\n14 \t8    \t19303.2\t5.9108 \t19296\t19314\n15 \t8    \t19303.1\t2.71282\t19301\t19308\n16 \t8    \t19303.5\t3.80789\t19299\t19311\n17 \t8    \t19303.4\t5.38371\t19296\t19314\n18 \t8    \t19304.8\t5.14174\t19296\t19312\n19 \t8    \t19308  \t5.3619 \t19298\t19314\n20 \t8    \t19310.1\t3.72282\t19302\t19314\n21 \t8    \t19311.4\t5.42995\t19300\t19321\n22 \t8    \t19307.1\t5.86169\t19296\t19313\n23 \t8    \t19305.8\t6.59071\t19297\t19314\n24 \t8    \t19302.8\t4.05432\t19297\t19310"
}